,correct,QuestionLink,category,Direction,optA,optB,optC,optD
1,d,https://image.ibb.co/ikPQNH/tscan94_000.png,7.1,"Find the odd one out/विषम चुने
",A,B,C,D
2,d,https://image.ibb.co/ko5X2H/tscan94_00001.png,7.1,"Find the odd one out/विषम चुने
",A,B,C,D
3,b,https://image.ibb.co/mNEgwc/tscan94_0001.png,7.1,"Find the odd one out/विषम चुने
",A,B,C,D
5,a,https://image.ibb.co/kigTbc/tscan94_001.png,7.1,"Find the odd one out/विषम चुने
",A,B,C,D
6,b,https://image.ibb.co/j0Lobc/tscan94_01.png,7.1,"Find the odd one out/विषम चुने
",A,B,C,D
7,d,https://image.ibb.co/kVkX2H/tscan94_02.png,7.1,"Find the odd one out/विषम चुने
",A,B,C,D
8,b,https://image.ibb.co/jr4EGc/tscan94_03.png,7.1,"Find the odd one out/विषम चुने
",A,B,C,D
9,c,https://image.ibb.co/jHJKhH/tscan94_04.png,7.1,"Find the odd one out/विषम चुने
",A,B,C,D
10,c,https://image.ibb.co/fwVApx/tscan94_05.png,7.1,"Find the odd one out/विषम चुने
",A,B,C,D
11,b,https://image.ibb.co/fbW5NH/tscan94_06.png,7.1,"Find the odd one out/विषम चुने
",A,B,C,D
12,d,https://image.ibb.co/jDfX2H/tscan94_07.png,7.1,"Find the odd one out/विषम चुने
",A,B,C,D
13,b,https://image.ibb.co/hpE39x/tscan94_08.png,7.1,"Find the odd one out/विषम चुने
",A,B,C,D
15,b,https://image.ibb.co/n2j39x/tscan94_09.png,7.1,"Find the odd one out/विषम चुने
",A,B,C,D
16,a,https://image.ibb.co/kgJ8bc/tscan94_10.png,7.1,"Find the odd one out/विषम चुने
",A,B,C,D
17,d,https://image.ibb.co/dnx1wc/tscan94_11.png,7.1,"Find the odd one out/विषम चुने
",A,B,C,D
18,d,https://image.ibb.co/hwFMwc/tscan94_12.png,7.1,"Find the odd one out/विषम चुने
",A,B,C,D
19,c,https://image.ibb.co/knnqpx/tscan95_01.png,7.1,"Find the odd one out/विषम चुने
",A,B,C,D
20,d,https://image.ibb.co/iWAobc/tscan95_02.png,7.1,"Find the odd one out/विषम चुने
",A,B,C,D
21,a,https://image.ibb.co/eOUgwc/tscan95_03.png,7.1,"Find the odd one out/विषम चुने
",A,B,C,D
22,b,https://image.ibb.co/gUFzhH/tscan95_04.png,7.1,"Find the odd one out/विषम चुने
",A,B,C,D
23,d,https://image.ibb.co/ddXO9x/tscan95_05.png,7.1,"Find the odd one out/विषम चुने
",A,B,C,D
24,c,https://image.ibb.co/iKp39x/tscan95_06.png,7.1,"Find the odd one out/विषम चुने
",A,B,C,D
25,a,https://image.ibb.co/iLfzhH/tscan95_007.png,7.1,"Find the odd one out/विषम चुने
",A,B,C,D
27,c,https://image.ibb.co/mJuQNH/tscan95_07.png,7.1,"Find the odd one out/विषम चुने
",A,B,C,D
28,a,https://image.ibb.co/iRqMwc/tscan95_08.png,7.1,"Find the odd one out/विषम चुने
",A,B,C,D
29,c,https://image.ibb.co/bAtwUx/tscan95_09.png,7.1,"Find the odd one out/विषम चुने
",A,B,C,D
30,d,https://image.ibb.co/c6CZGc/tscan95_10.png,7.1,"Find the odd one out/विषम चुने
",A,B,C,D
31,b,https://image.ibb.co/nnEgwc/tscan95_11.png,7.1,"Find the odd one out/विषम चुने
",A,B,C,D
32,d,https://image.ibb.co/ea1GUx/tscan95_12.png,7.1,"Find the odd one out/विषम चुने
",A,B,C,D
33,c,https://image.ibb.co/c2eQNH/tscan95_13.png,7.1,"Find the odd one out/विषम चुने
",A,B,C,D
34,c,https://image.ibb.co/fcWGUx/tscan95_14.png,7.1,"Find the odd one out/विषम चुने
",A,B,C,D
35,d,https://image.ibb.co/mSFbUx/tscan95_15.png,7.1,"Find the odd one out/विषम चुने
",A,B,C,D
36,d,https://image.ibb.co/gwDVpx/tscan95_16.png,7.1,"Find the odd one out/विषम चुने
",A,B,C,D
37,b,https://image.ibb.co/kwCehH/tscan95_17.png,7.1,"Find the odd one out/विषम चुने
",A,B,C,D
39,d,https://image.ibb.co/fp6i9x/tscan95_18.png,7.1,"Find the odd one out/विषम चुने
",A,B,C,D
40,d,https://image.ibb.co/h9kMwc/tscan95_19.png,7.1,"Find the odd one out/विषम चुने
",A,B,C,D
41,c,https://image.ibb.co/b8iKhH/tscan95_20.png,7.1,"Find the odd one out/विषम चुने
",A,B,C,D
42,c,https://image.ibb.co/mAMi9x/tscan95_21.png,7.1,"Find the odd one out/विषम चुने
",A,B,C,D
43,d,https://image.ibb.co/kQpEGc/tscan95_22.png,7.1,"Find the odd one out/विषम चुने
",A,B,C,D
44,c,https://image.ibb.co/gvXqpx/tscan95_23.png,7.1,"Find the odd one out/विषम चुने
",A,B,C,D
45,d,https://image.ibb.co/iccehH/tscan95_24.png,7.1,"Find the odd one out/विषम चुने
",A,B,C,D
46,c,https://image.ibb.co/bCaobc/tscan95_25.png,7.1,"Find the odd one out/विषम चुने
",A,B,C,D
47,b,https://image.ibb.co/khcehH/tscan95_26.png,7.1,"Find the odd one out/विषम चुने
",A,B,C,D
48,c,https://image.ibb.co/hWCZGc/tscan95_27.png,7.1,"Find the odd one out/विषम चुने
",A,B,C,D
49,a,https://image.ibb.co/c0BTbc/tscan95_28.png,7.1,"Find the odd one out/विषम चुने
",A,B,C,D
50,a,https://image.ibb.co/dYYKhH/tscan95_29.png,7.1,"Find the odd one out/विषम चुने
",A,B,C,D
51,b,https://image.ibb.co/eMh1wc/tscan95_030.png,7.1,"Find the odd one out/विषम चुने
",A,B,C,D
53,a,https://image.ibb.co/iTO8bc/tscan95_30.png,7.1,"Find the odd one out/विषम चुने
",A,B,C,D
54,c,https://image.ibb.co/dVmTbc/tscan95_31.png,7.1,"Find the odd one out/विषम चुने
",A,B,C,D
55,c,https://image.ibb.co/nEhehH/tscan95_32.png,7.1,"Find the odd one out/विषम चुने
",A,B,C,D
56,c,https://image.ibb.co/c6fApx/tscan96_01.png,7.1,"Find the odd one out/विषम चुने
",A,B,C,D
57,c,https://image.ibb.co/mcFbUx/tscan96_02.png,7.1,"Find the odd one out/विषम चुने
",A,B,C,D
58,a,https://image.ibb.co/kTz39x/tscan96_03.png,7.1,"Find the odd one out/विषम चुने
",A,B,C,D
59,a,https://image.ibb.co/d9wTbc/tscan96_04.png,7.1,"Find the odd one out/विषम चुने
",A,B,C,D
60,c,https://image.ibb.co/gGfApx/tscan96_05.png,7.1,"Find the odd one out/विषम चुने
",A,B,C,D
61,a,https://image.ibb.co/iLyVpx/tscan96_06.png,7.1,"Find the odd one out/विषम चुने
",A,B,C,D
62,d,https://image.ibb.co/cJ5X2H/tscan96_07.png,7.1,"Find the odd one out/विषम चुने
",A,B,C,D
63,c,https://image.ibb.co/j8ps2H/tscan96_08.png,7.1,"Find the odd one out/विषम चुने
",A,B,C,D
64,c,https://image.ibb.co/e8fbUx/tscan96_09.png,7.1,"Find the odd one out/विषम चुने
",A,B,C,D
65,a,https://image.ibb.co/drGGUx/tscan96_10.png,7.1,"Find the odd one out/विषम चुने
",A,B,C,D
66,b,https://image.ibb.co/h7SehH/tscan96_11.png,7.1,"Find the odd one out/विषम चुने
",A,B,C,D
67,c,https://image.ibb.co/d24QNH/tscan96_12.png,7.1,"Find the odd one out/विषम चुने
",A,B,C,D
68,d,https://image.ibb.co/mX6GUx/tscan96_13.png,7.1,"Find the odd one out/विषम चुने
",A,B,C,D
69,a,https://image.ibb.co/mubY9x/tscan96_14.png,7.1,"Find the odd one out/विषम चुने
",A,B,C,D
70,a,https://image.ibb.co/eD9mUx/tscan96_15.png,7.1,"Find the odd one out/विषम चुने
",A,B,C,D
71,d,https://image.ibb.co/bXtrwc/tscan96_16.png,7.1,"Find the odd one out/विषम चुने
",A,B,C,D
72,c,https://image.ibb.co/i6AFNH/tscan96_17.png,7.1,"Find the odd one out/विषम चुने
",A,B,C,D
73,b,https://image.ibb.co/hyGBwc/tscan96_18.png,7.1,"Find the odd one out/विषम चुने
",A,B,C,D
74,a,https://image.ibb.co/eXRBwc/tscan96_19.png,7.1,"Find the odd one out/विषम चुने
",A,B,C,D
75,a,https://image.ibb.co/nHwY9x/tscan96_20.png,7.1,"Find the odd one out/विषम चुने
",A,B,C,D
76,c,https://image.ibb.co/iREybc/tscan96_21.png,7.1,"Find the odd one out/विषम चुने
",A,B,C,D
77,c,https://image.ibb.co/mugBwc/tscan96_22.png,7.1,"Find the odd one out/विषम चुने
",A,B,C,D
78,b,https://image.ibb.co/cRyD9x/tscan96_23.png,7.1,"Find the odd one out/विषम चुने
",A,B,C,D
79,d,https://image.ibb.co/bQ1phH/tscan96_24.png,7.1,"Find the odd one out/विषम चुने
",A,B,C,D
80,d,https://image.ibb.co/d66dbc/tscan96_25.png,7.1,"Find the odd one out/विषम चुने
",A,B,C,D
81,c,https://image.ibb.co/enzLpx/tscan96_26.png,7.1,"Find the odd one out/विषम चुने
",A,B,C,D
82,d,https://image.ibb.co/mxYfpx/tscan96_27.png,7.1,"Find the odd one out/विषम चुने
",A,B,C,D
83,c,https://image.ibb.co/cU3PGc/tscan96_28.png,7.1,"Find the odd one out/विषम चुने
",A,B,C,D
84,d,https://image.ibb.co/ddKybc/tscan96_29.png,7.1,"Find the odd one out/विषम चुने
",A,B,C,D
85,d,https://image.ibb.co/de5FNH/tscan96_30.png,7.1,"Find the odd one out/विषम चुने
",A,B,C,D
86,c,https://image.ibb.co/e5pmUx/tscan96_31.png,7.1,"Find the odd one out/विषम चुने
",A,B,C,D
87,c,https://image.ibb.co/eys6Ux/tscan96_32.png,7.1,"Find the odd one out/विषम चुने
",A,B,C,D
88,a,https://image.ibb.co/gnft9x/tscan96_33.png,7.1,"Find the odd one out/विषम चुने
",A,B,C,D
1,d,https://image.ibb.co/kYwphH/tscan96_35.png,7.1,"Find the odd one out/विषम चुने
",A,B,C,D
2,b,https://image.ibb.co/dEtD9x/tscan96_36.png,7.1,"Find the odd one out/विषम चुने
",A,B,C,D
3,c,https://image.ibb.co/eXp9hH/tscan97_01.png,7.1,"Find the odd one out/विषम चुने
",A,B,C,D
4,b,https://image.ibb.co/fSbBwc/tscan97_02.png,7.1,"Find the odd one out/विषम चुने
",A,B,C,D
5,b,https://image.ibb.co/jKrN2H/tscan97_03.png,7.1,"Find the odd one out/विषम चुने
",A,B,C,D
6,c,https://image.ibb.co/hkJPGc/tscan97_04.png,7.1,"Find the odd one out/विषम चुने
",A,B,C,D
7,b,https://image.ibb.co/k7Yfpx/tscan97_05.png,7.1,"Find the odd one out/विषम चुने
",A,B,C,D
8,b,https://image.ibb.co/e42UhH/tscan97_06.png,7.1,"Find the odd one out/विषम चुने
",A,B,C,D
9,c,https://image.ibb.co/dgn6Ux/tscan97_07.png,7.1,"Find the odd one out/विषम चुने
",A,B,C,D
10,c,https://image.ibb.co/hCc6Ux/tscan97_08.png,7.1,"Find the odd one out/विषम चुने
",A,B,C,D
11,a,https://image.ibb.co/m4sJbc/tscan97_09.png,7.1,"Find the odd one out/विषम चुने
",A,B,C,D
12,d,https://image.ibb.co/gp3PGc/tscan97_10.png,7.1,"Find the odd one out/विषम चुने
",A,B,C,D
14,d,https://image.ibb.co/civt9x/tscan97_11.png,7.1,"Find the odd one out/विषम चुने
",A,B,C,D
15,d,https://image.ibb.co/gaA4Gc/tscan97_12.png,7.1,"Find the odd one out/विषम चुने
",A,B,C,D
16,c,https://image.ibb.co/kyH6Ux/tscan97_13.png,7.1,"Find the odd one out/विषम चुने
",A,B,C,D
17,a,https://image.ibb.co/f6rphH/tscan97_14.png,7.1,"Find the odd one out/विषम चुने
",A,B,C,D
18,d,https://image.ibb.co/muv4Gc/tscan97_15.png,7.1,"Find the odd one out/विषम चुने
",A,B,C,D
19,a,https://image.ibb.co/g9CjGc/tscan97_16.png,7.1,"Find the odd one out/विषम चुने
",A,B,C,D
20,a,https://image.ibb.co/eiNjGc/tscan97_17.png,7.1,"Find the odd one out/विषम चुने
",A,B,C,D
21,b,https://image.ibb.co/m6GphH/tscan97_18.png,7.1,"Find the odd one out/विषम चुने
",A,B,C,D
22,d,https://image.ibb.co/diBdbc/tscan97_19.png,7.1,"Find the odd one out/विषम चुने
",A,B,C,D
24,b,https://image.ibb.co/kSvh2H/tscan97_20.png,7.1,"Find the odd one out/विषम चुने
",A,B,C,D
25,b,https://image.ibb.co/eeVFNH/tscan97_21.png,7.1,"Find the odd one out/विषम चुने
",A,B,C,D
26,c,https://image.ibb.co/jpv4Gc/tscan97_22.png,7.1,"Find the odd one out/विषम चुने
",A,B,C,D
27,b,https://image.ibb.co/eCvh2H/tscan97_23.png,7.1,"Find the odd one out/विषम चुने
",A,B,C,D
28,b,https://image.ibb.co/b0rY9x/tscan97_24.png,7.1,"Find the odd one out/विषम चुने
",A,B,C,D
29,d,https://image.ibb.co/ng4mUx/tscan97_25.png,7.1,"Find the odd one out/विषम चुने
",A,B,C,D
30,d,https://image.ibb.co/eswdbc/tscan97_26.png,7.1,"Find the odd one out/विषम चुने
",A,B,C,D
31,c,https://image.ibb.co/bvEmUx/tscan97_27.png,7.1,"Find the odd one out/विषम चुने
",A,B,C,D
33,c,https://image.ibb.co/bLvFNH/tscan98_1.png,7.1,"Find the odd one out/विषम चुने
",A,B,C,D
34,c,https://image.ibb.co/jLrY9x/tscan98_2.png,7.1,"Find the odd one out/विषम चुने
",A,B,C,D
35,a,https://image.ibb.co/cdf4Gc/tscan98_3.png,7.1,"Find the odd one out/विषम चुने
",A,B,C,D
36,b,https://image.ibb.co/b0wBwc/tscan98_4.png,7.1,"Find the odd one out/विषम चुने
",A,B,C,D
37,a,https://image.ibb.co/ixNUhH/tscan98_5.png,7.1,"Find the odd one out/विषम चुने
",A,B,C,D
38,d,https://image.ibb.co/m46Bwc/tscan98_6.png,7.1,"Find the odd one out/विषम चुने
",A,B,C,D
39,b,https://image.ibb.co/fnnJbc/tscan98_7.png,7.1,"Find the odd one out/विषम चुने
",A,B,C,D
41,d,https://image.ibb.co/cUfFNH/tscan98_8.png,7.1,"Find the odd one out/विषम चुने
",A,B,C,D
42,c,https://image.ibb.co/jfpmUx/tscan98_9.png,7.1,"Find the odd one out/विषम चुने
",A,B,C,D
43,b,https://image.ibb.co/msXjGc/tscan98_10.png,7.1,"Find the odd one out/विषम चुने
",A,B,C,D
44,d,https://image.ibb.co/g05RUx/tscan98_11.png,7.1,"Find the odd one out/विषम चुने
",A,B,C,D
45,d,https://image.ibb.co/b1n6Ux/tscan98_12.png,7.1,"Find the odd one out/विषम चुने
",A,B,C,D
46,c,https://image.ibb.co/nqhJbc/tscan98_13.png,7.1,"Find the odd one out/विषम चुने
",A,B,C,D
47,a,https://image.ibb.co/fRD22H/tscan98_14.png,7.1,"Find the odd one out/विषम चुने
",A,B,C,D
48,b,https://image.ibb.co/jftPGc/tscan98_15.png,7.1,"Find the odd one out/विषम चुने
",A,B,C,D
1,d,https://image.ibb.co/hg8PGc/tscan98_16.png,7.1,"Find the odd one out/विषम चुने
",A,B,C,D
2,c,https://image.ibb.co/dYZmUx/tscan98_17.png,7.1,"Find the odd one out/विषम चुने
",A,B,C,D
3,d,https://image.ibb.co/eyLt9x/tscan98_18.png,7.1,"Find the odd one out/विषम चुने
",A,B,C,D
4,b,https://image.ibb.co/gwcvNH/tscan98_19.png,7.1,"Find the odd one out/विषम चुने
",A,B,C,D
5,d,https://image.ibb.co/dOqFNH/tscan98_20.png,7.1,"Find the odd one out/विषम चुने
",A,B,C,D
6,b,https://image.ibb.co/hjEaNH/tscan98_21.png,7.1,"Find the odd one out/विषम चुने
",A,B,C,D
7,c,https://image.ibb.co/hk0t9x/tscan98_22.png,7.1,"Find the odd one out/विषम चुने
",A,B,C,D
8,a,https://image.ibb.co/n28fpx/tscan98_23.png,7.1,"Find the odd one out/विषम चुने
",A,B,C,D
9,c,https://image.ibb.co/hAgN2H/tscan98_24.png,7.1,"Find the odd one out/विषम चुने
",A,B,C,D
10,a,https://image.ibb.co/b8t22H/tscan98_25.png,7.1,"Find the odd one out/विषम चुने
",A,B,C,D
11,d,https://image.ibb.co/d4PmUx/tscan98_26.png,7.1,"Find the odd one out/विषम चुने
",A,B,C,D
12,a,https://image.ibb.co/hgD22H/tscan98_27.png,7.1,"Find the odd one out/विषम चुने
",A,B,C,D
13,d,https://image.ibb.co/mLm0px/tscan98_28.png,7.1,"Find the odd one out/विषम चुने
",A,B,C,D
14,a,https://image.ibb.co/eKEWwc/tscan98_29.png,7.1,"Find the odd one out/विषम चुने
",A,B,C,D
15,b,https://image.ibb.co/nkEmUx/tscan98_30.png,7.1,"Find the odd one out/विषम चुने
",A,B,C,D
16,b,https://image.ibb.co/mHmuGc/tscan98_31.png,7.1,"Find the odd one out/विषम चुने
",A,B,C,D
17,b,https://image.ibb.co/jGcO9x/tscan98_32.png,7.1,"Find the odd one out/विषम चुने
",A,B,C,D
18,d,https://image.ibb.co/m4QApx/tscan98_33.png,7.1,"Find the odd one out/विषम चुने
",A,B,C,D
19,c,https://image.ibb.co/em9s2H/tscan98_34.png,7.1,"Find the odd one out/विषम चुने
",A,B,C,D
20,c,https://image.ibb.co/k50Mwc/tscan98_35.png,7.1,"Find the odd one out/विषम चुने
",A,B,C,D
21,c,https://image.ibb.co/j5pEGc/tscan98_36.png,7.1,"Find the odd one out/विषम चुने
",A,B,C,D
22,a,https://image.ibb.co/jNsO9x/tscan98_37.png,7.1,"Find the odd one out/विषम चुने
",A,B,C,D
23,a,https://image.ibb.co/eNUQNH/tscan99_01.png,7.1,"Find the odd one out/विषम चुने
",A,B,C,D
24,b,https://image.ibb.co/dyO8bc/tscan99_02.png,7.1,"Find the odd one out/विषम चुने
",A,B,C,D
25,d,https://image.ibb.co/etAApx/tscan99_03.png,7.1,"Find the odd one out/विषम चुने
",A,B,C,D
26,c,https://image.ibb.co/mrOkNH/tscan99_04.png,7.1,"Find the odd one out/विषम चुने
",A,B,C,D
1,b,https://image.ibb.co/c7SZGc/tscan99_06.png,7.1,"Find the odd one out/विषम चुने
",A,B,C,D
2,c,https://image.ibb.co/if1GUx/tscan99_07.png,7.1,"Find the odd one out/विषम चुने
",A,B,C,D
3,a,https://image.ibb.co/mumGUx/tscan99_08.png,7.1,"Find the odd one out/विषम चुने
",A,B,C,D
4,d,https://image.ibb.co/eajgwc/tscan99_09.png,7.1,"Find the odd one out/विषम चुने
",A,B,C,D
5,d,https://image.ibb.co/i5Zgwc/tscan99_11.png,7.1,"Find the odd one out/विषम चुने
",A,B,C,D
6,b,https://image.ibb.co/m4o8bc/tscan99_12.png,7.1,"Find the odd one out/विषम चुने
",A,B,C,D
7,d,https://image.ibb.co/fHM5NH/tscan99_13.png,7.1,"Find the odd one out/विषम चुने
",A,B,C,D
8,b,https://image.ibb.co/kwu39x/tscan99_14.png,7.1,"Find the odd one out/विषम चुने
",A,B,C,D
9,a,https://image.ibb.co/i2hC2H/tscan99_15.png,7.1,"Find the odd one out/विषम चुने
",A,B,C,D
10,c,https://image.ibb.co/mO5X2H/tscan99_16.png,7.1,"Find the odd one out/विषम चुने
",A,B,C,D
11,b,https://image.ibb.co/ccSehH/tscan99_17.png,7.1,"Find the odd one out/विषम चुने
",A,B,C,D
12,c,https://image.ibb.co/fN3Vpx/tscan99_18.png,7.1,"Find the odd one out/विषम चुने
",A,B,C,D
13,d,https://image.ibb.co/hRHC2H/tscan99_19.png,7.1,"Find the odd one out/विषम चुने
",A,B,C,D
14,a,https://image.ibb.co/mJXO9x/tscan99_20.png,7.1,"Find the odd one out/विषम चुने
",A,B,C,D
15,d,https://image.ibb.co/eVNehH/tscan99_21.png,7.1,"Find the odd one out/विषम चुने
",A,B,C,D
16,b,https://image.ibb.co/gSsO9x/tscan99_22.png,7.1,"Find the odd one out/विषम चुने
",A,B,C,D
17,c,https://image.ibb.co/kK7ZGc/tscan99_23.png,7.1,"Find the odd one out/विषम चुने
",A,B,C,D
18,a,https://image.ibb.co/cMVApx/tscan99_24.png,7.1,"Find the odd one out/विषम चुने
",A,B,C,D
19,a,https://image.ibb.co/b57qpx/tscan99_26.png,7.1,"Find the odd one out/विषम चुने
",A,B,C,D
20,b,https://image.ibb.co/iYQzhH/tscan99_27.png,7.1,"Find the odd one out/विषम चुने
",A,B,C,D
21,c,https://image.ibb.co/neNO9x/tscan99_28.png,7.1,"Find the odd one out/विषम चुने
",A,B,C,D
22,d,https://image.ibb.co/eLPQNH/tscan99_29.png,7.1,"Find the odd one out/विषम चुने
",A,B,C,D
23,b,https://image.ibb.co/npUs2H/tscan99_30.png,7.1,"Find the odd one out/विषम चुने
",A,B,C,D
24,d,https://image.ibb.co/b26GUx/tscan99_31.png,7.1,"Find the odd one out/विषम चुने
",A,B,C,D
25,a,https://image.ibb.co/dzc1wc/tscan99_32.png,7.1,"Find the odd one out/विषम चुने
",A,B,C,D
26,c,https://image.ibb.co/jZgi9x/tscan99_33.png,7.1,"Find the odd one out/विषम चुने
",A,B,C,D
27,d,https://image.ibb.co/fLpEGc/tscan99_34.png,7.1,"Find the odd one out/विषम चुने
",A,B,C,D
28,b,https://image.ibb.co/f5AbUx/tscan99_35.png,7.1,"Find the odd one out/विषम चुने
",A,B,C,D
29,b,https://image.ibb.co/ioy8bc/tscan99_36.png,7.1,"Find the odd one out/विषम चुने
",A,B,C,D
30,a,https://image.ibb.co/fbvzhH/tscan99_37.png,7.1,"Find the odd one out/विषम चुने
",A,B,C,D
31,d,https://image.ibb.co/k1X1wc/tscan99_38.png,7.1,"Find the odd one out/विषम चुने
",A,B,C,D
32,c,https://image.ibb.co/k2JKhH/tscan99_39.png,7.1,"Find the odd one out/विषम चुने
",A,B,C,D
33,d,https://image.ibb.co/kBnZGc/tscan99_40.png,7.1,"Find the odd one out/विषम चुने
",A,B,C,D
34,b,https://image.ibb.co/i86Tbc/tscan99_41.png,7.1,"Find the odd one out/विषम चुने
",A,B,C,D
35,d,https://image.ibb.co/hzR5NH/tscan99_42.png,7.1,"Find the odd one out/विषम चुने
",A,B,C,D
1,c,https://image.ibb.co/kqxZGc/tscan_A106_01.png,7.1,"Find the odd one out/विषम चुने
",A,B,C,D
2,c,https://image.ibb.co/eKwTbc/tscan_A106_02.png,7.1,"Find the odd one out/विषम चुने
",A,B,C,D
3,c,https://image.ibb.co/cvjgwc/tscan_A106_03.png,7.1,"Find the odd one out/विषम चुने
",A,B,C,D
4,d,https://image.ibb.co/bQd8bc/tscan_A106_04.png,7.1,"Find the odd one out/विषम चुने
",A,B,C,D
5,b,https://image.ibb.co/eWNqpx/tscan_A106_05.png,7.1,"Find the odd one out/विषम चुने
",A,B,C,D
6,d,https://image.ibb.co/mqDKhH/tscan_A106_06.png,7.1,"Find the odd one out/विषम चुने
",A,B,C,D
7,a,https://image.ibb.co/enOwUx/tscan_A106_07.png,7.1,"Find the odd one out/विषम चुने
",A,B,C,D
8,d,https://image.ibb.co/bEqzhH/tscan_A106_08.png,7.1,"Find the odd one out/विषम चुने
",A,B,C,D
9,c,https://image.ibb.co/kb9s2H/tscan_A106_09.png,7.1,"Find the odd one out/विषम चुने
",A,B,C,D
10,c,https://image.ibb.co/gdowUx/tscan_A106_10.png,7.1,"Find the odd one out/विषम चुने
",A,B,C,D
11,d,https://image.ibb.co/jNLApx/tscan_A106_11.png,7.1,"Find the odd one out/विषम चुने
",A,B,C,D
12,d,https://image.ibb.co/bQikNH/tscan_A106_12.png,7.1,"Find the odd one out/विषम चुने
",A,B,C,D
14,a,https://image.ibb.co/eOxC2H/tscan_A106_13.png,7.1,"Find the odd one out/विषम चुने
",A,B,C,D
15,d,https://image.ibb.co/cytVpx/tscan_A106_14.png,7.1,"Find the odd one out/विषम चुने
",A,B,C,D
16,d,https://image.ibb.co/iub5NH/tscan_A106_15.png,7.1,"Find the odd one out/विषम चुने
",A,B,C,D
17,b,https://image.ibb.co/dHN1wc/tscan_A106_16.png,7.1,"Find the odd one out/विषम चुने
",A,B,C,D
18,b,https://image.ibb.co/nnPs2H/tscan_A106_17.png,7.1,"Find the odd one out/विषम चुने
",A,B,C,D
19,b,https://image.ibb.co/dZQApx/tscan_A106_18.png,7.1,"Find the odd one out/विषम चुने
",A,B,C,D
20,b,https://image.ibb.co/dgBi9x/tscan_A106_19.png,7.1,"Find the odd one out/विषम चुने
",A,B,C,D
21,c,https://image.ibb.co/hg9s2H/tscan_A106_20.png,7.1,"Find the odd one out/विषम चुने
",A,B,C,D
22,b,https://image.ibb.co/e0twUx/tscan_A106_21.png,7.1,"Find the odd one out/विषम चुने
",A,B,C,D
23,d,https://image.ibb.co/bCSehH/tscan_A106_22.png,7.1,"Find the odd one out/विषम चुने
",A,B,C,D
24,d,https://image.ibb.co/d9xO9x/tscan_A106_23.png,7.1,"Find the odd one out/विषम चुने
",A,B,C,D
25,d,https://image.ibb.co/kzgi9x/tscan_A106_24.png,7.1,"Find the odd one out/विषम चुने
",A,B,C,D
26,d,https://image.ibb.co/huGuGc/tscan_A106_25.png,7.1,"Find the odd one out/विषम चुने
",A,B,C,D
27,a,https://image.ibb.co/eqwi9x/tscan_A106_26.png,7.1,"Find the odd one out/विषम चुने
",A,B,C,D
28,a,https://image.ibb.co/iPruGc/tscan_A106_27.png,7.1,"Find the odd one out/विषम चुने
",A,B,C,D
29,c,https://image.ibb.co/fc0obc/tscan_A106_28.png,7.1,"Find the odd one out/विषम चुने
",A,B,C,D
30,b,https://image.ibb.co/gRZs2H/tscan_A106_29.png,7.1,"Find the odd one out/विषम चुने
",A,B,C,D
31,b,https://image.ibb.co/m7eQNH/tscan_A106_30.png,7.1,"Find the odd one out/विषम चुने
",A,B,C,D
32,d,https://image.ibb.co/j4yKhH/tscan_A106_31.png,7.1,"Find the odd one out/विषम चुने
",A,B,C,D
33,a,https://image.ibb.co/ew65NH/tscan_A106_32.png,7.1,"Find the odd one out/विषम चुने
",A,B,C,D
34,b,https://image.ibb.co/c18wUx/tscan_A106_33.png,7.1,"Find the odd one out/विषम चुने
",A,B,C,D
35,a,https://image.ibb.co/jhS6Ux/tscan_A106_34.png,7.1,"Find the odd one out/विषम चुने
",A,B,C,D
36,b,https://image.ibb.co/kPJD9x/tscan_A106_35.png,7.1,"Find the odd one out/विषम चुने
",A,B,C,D
37,b,https://image.ibb.co/cQ8D9x/tscan_A106_36.png,7.1,"Find the odd one out/विषम चुने
",A,B,C,D
38,b,https://image.ibb.co/ni0RUx/tscan_A106_37.png,7.1,"Find the odd one out/विषम चुने
",A,B,C,D
39,a,https://image.ibb.co/d0rY9x/tscan_A106_38.png,7.1,"Find the odd one out/विषम चुने
",A,B,C,D
40,a,https://image.ibb.co/nt2Jbc/tscan_A106_39.png,7.1,"Find the odd one out/विषम चुने
",A,B,C,D
41,b,https://image.ibb.co/hcS6Ux/tscan_A106_40.png,7.1,"Find the odd one out/विषम चुने
",A,B,C,D
42,d,https://image.ibb.co/fUnjGc/tscan_A106_41.png,7.1,"Find the odd one out/विषम चुने
",A,B,C,D
43,c,https://image.ibb.co/hfrdbc/tscan_A106_42.png,7.1,"Find the odd one out/विषम चुने
",A,B,C,D
44,c,https://image.ibb.co/iyYrwc/tscan_A106_43.png,7.1,"Find the odd one out/विषम चुने
",A,B,C,D
45,c,https://image.ibb.co/knMdbc/tscan_A106_44.png,7.1,"Find the odd one out/विषम चुने
",A,B,C,D
46,c,https://image.ibb.co/kKzmUx/tscan_A106_45.png,7.1,"Find the odd one out/विषम चुने
",A,B,C,D
47,a,https://image.ibb.co/jwemUx/tscan_A106_46.png,7.1,"Find the odd one out/विषम चुने
",A,B,C,D
48,d,https://image.ibb.co/n9K9hH/tscan_A106_47.png,7.1,"Find the odd one out/विषम चुने
",A,B,C,D
49,c,https://image.ibb.co/bHOPGc/tscan_A106_48.png,7.1,"Find the odd one out/विषम चुने
",A,B,C,D
50,d,https://image.ibb.co/gcQFNH/tscan_A106_49.png,7.1,"Find the odd one out/विषम चुने
",A,B,C,D
51,c,https://image.ibb.co/d5eaNH/tscan_A106_50.png,7.1,"Find the odd one out/विषम चुने
",A,B,C,D
52,c,https://image.ibb.co/ch5t9x/tscan_A106_51.png,7.1,"Find the odd one out/विषम चुने
",A,B,C,D
53,c,https://image.ibb.co/gh322H/tscan_A106_52.png,7.1,"Find the odd one out/विषम चुने
",A,B,C,D
54,b,https://image.ibb.co/idZmUx/tscan_A107_01.png,7.1,"Find the odd one out/विषम चुने
",A,B,C,D
55,b,https://image.ibb.co/g0orwc/tscan_A107_02.png,7.1,"Find the odd one out/विषम चुने
",A,B,C,D
56,c,https://image.ibb.co/epTPGc/tscan_A107_03.png,7.1,"Find the odd one out/विषम चुने
",A,B,C,D
57,d,https://image.ibb.co/jrAFNH/tscan_A107_04.png,7.1,"Find the odd one out/विषम चुने
",A,B,C,D
58,d,https://image.ibb.co/jWJfpx/tscan_A107_05.png,7.1,"Find the odd one out/विषम चुने
",A,B,C,D
59,d,https://image.ibb.co/jHPLpx/tscan_A107_06.png,7.1,"Find the odd one out/विषम चुने
",A,B,C,D
60,d,https://image.ibb.co/cUEaNH/tscan_A107_07.png,7.1,"Find the odd one out/विषम चुने
",A,B,C,D
61,d,https://image.ibb.co/j3W0px/tscan_A107_09.png,7.1,"Find the odd one out/विषम चुने
",A,B,C,D
62,d,https://image.ibb.co/ewemUx/tscan_A107_10.png,7.1,"Find the odd one out/विषम चुने
",A,B,C,D
63,d,https://image.ibb.co/fqRphH/tscan_A107_11.png,7.1,"Find the odd one out/विषम चुने
",A,B,C,D
64,d,https://image.ibb.co/kWn6Ux/tscan_A107_12.png,7.1,"Find the odd one out/विषम चुने
",A,B,C,D
65,a,https://image.ibb.co/eiOfpx/tscan_A107_13.png,7.1,"Find the odd one out/विषम चुने
",A,B,C,D
66,a,https://image.ibb.co/cUJD9x/tscan_A107_14.png,7.1,"Find the odd one out/विषम चुने
",A,B,C,D
67,a,https://image.ibb.co/iiMphH/tscan_A107_15.png,7.1,"Find the odd one out/विषम चुने
",A,B,C,D
68,c,https://image.ibb.co/hNjWwc/tscan_A107_16.png,7.1,"Find the odd one out/विषम चुने
",A,B,C,D
69,c,https://image.ibb.co/jC5t9x/tscan_A107_17.png,7.1,"Find the odd one out/विषम चुने
",A,B,C,D
70,a,https://image.ibb.co/g8f4Gc/tscan_A107_19.png,7.1,"Find the odd one out/विषम चुने
",A,B,C,D
71,c,https://image.ibb.co/fNDD9x/tscan_A107_20.png,7.1,"Find the odd one out/विषम चुने
",A,B,C,D
72,c,https://image.ibb.co/eztD9x/tscan_A107_21.png,7.1,"Find the odd one out/विषम चुने
",A,B,C,D
73,c,https://image.ibb.co/coU9hH/tscan_A107_22.png,7.1,"Find the odd one out/विषम चुने
",A,B,C,D
74,d,https://image.ibb.co/jBOD9x/tscan_A107_23.png,7.1,"Find the odd one out/विषम चुने
",A,B,C,D
75,c,https://image.ibb.co/mNnJbc/tscan_A107_24.png,7.1,"Find the odd one out/विषम चुने
",A,B,C,D
76,a,https://image.ibb.co/hP822H/tscan_A107_25.png,7.1,"Find the odd one out/विषम चुने
",A,B,C,D
77,b,https://image.ibb.co/gsKmUx/tscan_A107_26.png,7.1,"Find the odd one out/विषम चुने
",A,B,C,D
78,c,https://image.ibb.co/d3PWwc/tscan_A107_27.png,7.1,"Find the odd one out/विषम चुने
",A,B,C,D
79,a,https://image.ibb.co/mRVh2H/tscan_A107_28.png,7.1,"Find the odd one out/विषम चुने
",A,B,C,D
80,d,https://image.ibb.co/jcWphH/tscan_A107_29.png,7.1,"Find the odd one out/विषम चुने
",A,B,C,D
81,c,https://image.ibb.co/dGkFNH/tscan_A107_30.png,7.1,"Find the odd one out/विषम चुने
",A,B,C,D
82,a,https://image.ibb.co/kZ1Y9x/tscan_A107_31.png,7.1,"Find the odd one out/विषम चुने
",A,B,C,D
83,b,https://image.ibb.co/eJFFNH/tscan_A107_32.png,7.1,"Find the odd one out/विषम चुने
",A,B,C,D
84,c,https://image.ibb.co/eZSUhH/tscan_A107_33.png,7.1,"Find the odd one out/विषम चुने
",A,B,C,D
85,b,https://image.ibb.co/dJ49hH/tscan_A107_35.png,7.1,"Find the odd one out/विषम चुने
",A,B,C,D
86,d,https://image.ibb.co/iqk4Gc/tscan_A107_36.png,7.1,"Find the odd one out/विषम चुने
",A,B,C,D
87,d,https://image.ibb.co/cf99hH/tscan_A107_37.png,7.1,"Find the odd one out/विषम चुने
",A,B,C,D
88,a,https://image.ibb.co/gRQ4Gc/tscan_A107_38.png,7.1,"Find the odd one out/विषम चुने
",A,B,C,D
89,d,https://image.ibb.co/cCZaNH/tscan_A107_39.png,7.1,"Find the odd one out/विषम चुने
",A,B,C,D
90,a,https://image.ibb.co/kpah2H/tscan_A107_40.png,7.1,"Find the odd one out/विषम चुने
",A,B,C,D
91,a,https://image.ibb.co/mVRphH/tscan_A107_41.png,7.1,"Find the odd one out/विषम चुने
",A,B,C,D
92,a,https://image.ibb.co/ksft9x/tscan_A107_42.png,7.1,"Find the odd one out/विषम चुने
",A,B,C,D
93,b,https://image.ibb.co/mfat9x/tscan_A107_43.png,7.1,"Find the odd one out/विषम चुने
",A,B,C,D
94,d,https://image.ibb.co/nh5t9x/tscan_A107_44.png,7.1,"Find the odd one out/विषम चुने
",A,B,C,D
95,b,https://image.ibb.co/bYH6Ux/tscan_A107_45.png,7.1,"Find the odd one out/विषम चुने
",A,B,C,D
96,a,https://image.ibb.co/ecWphH/tscan_A107_46.png,7.1,"Find the odd one out/विषम चुने
",A,B,C,D
97,d,https://image.ibb.co/dcLh2H/tscan_A107_47.png,7.1,"Find the odd one out/विषम चुने
",A,B,C,D
98,b,https://image.ibb.co/fUcUhH/tscan_A107_48.png,7.1,"Find the odd one out/विषम चुने
",A,B,C,D
99,a,https://image.ibb.co/eMZLpx/tscan_A107_49.png,7.1,"Find the odd one out/विषम चुने
",A,B,C,D
100,d,https://image.ibb.co/jP2UhH/tscan_A107_50.png,7.1,"Find the odd one out/विषम चुने
",A,B,C,D
101,d,https://image.ibb.co/cy3D9x/tscan_A107_51.png,7.1,"Find the odd one out/विषम चुने
",A,B,C,D
102,d,https://image.ibb.co/hjK9hH/tscan_A107_52.png,7.1,"Find the odd one out/विषम चुने
",A,B,C,D
103,d,https://image.ibb.co/ndJ22H/tscan_A107_53.png,7.1,"Find the odd one out/विषम चुने
",A,B,C,D
104,d,https://image.ibb.co/cOW0px/tscan_A107_54.png,7.1,"Find the odd one out/विषम चुने
",A,B,C,D
105,d,https://image.ibb.co/exywUx/tscan_A107_55.png,7.1,"Find the odd one out/विषम चुने
",A,B,C,D
106,d,https://image.ibb.co/m27C2H/tscan_A107_56.png,7.1,"Find the odd one out/विषम चुने
",A,B,C,D
107,c,https://image.ibb.co/bPBGUx/tscan_A107_57.png,7.1,"Find the odd one out/विषम चुने
",A,B,C,D
108,a,https://image.ibb.co/nEtkNH/tscan_A107_58.png,7.1,"Find the odd one out/विषम चुने
",A,B,C,D
109,d,https://image.ibb.co/gC0obc/tscan_A107_59.png,7.1,"Find the odd one out/विषम चुने
",A,B,C,D
110,b,https://image.ibb.co/jB0X2H/tscan_A108_01.png,7.1,"Find the odd one out/विषम चुने
",A,B,C,D
111,d,https://image.ibb.co/evQMwc/tscan_A108_02.png,7.1,"Find the odd one out/विषम चुने
",A,B,C,D
112,a,https://image.ibb.co/eCcZGc/tscan_A108_03.png,7.1,"Find the odd one out/विषम चुने
",A,B,C,D
113,c,https://image.ibb.co/cXAzhH/tscan_A108_06.png,7.1,"Find the odd one out/विषम चुने
",A,B,C,D
114,b,https://image.ibb.co/b171wc/tscan_A108_07.png,7.1,"Find the odd one out/विषम चुने
",A,B,C,D
115,c,https://image.ibb.co/fQ0Mwc/tscan_A108_08.png,7.1,"Find the odd one out/विषम चुने
",A,B,C,D
116,d,https://image.ibb.co/cqVzhH/tscan_A108_09.png,7.1,"Find the odd one out/विषम चुने
",A,B,C,D
117,d,https://image.ibb.co/mcVMwc/tscan_A108_10.png,7.1,"Find the odd one out/विषम चुने
",A,B,C,D
118,b,https://image.ibb.co/hJVX2H/tscan_A108_11.png,7.1,"Find the odd one out/विषम चुने
",A,B,C,D
119,d,https://image.ibb.co/izdwUx/tscan_A108_12.png,7.1,"Find the odd one out/विषम चुने
",A,B,C,D
120,d,https://image.ibb.co/dV7qpx/tscan_A108_13.png,7.1,"Find the odd one out/विषम चुने
",A,B,C,D
121,d,https://image.ibb.co/kMbTbc/tscan_A108_14.png,7.1,"Find the odd one out/विषम चुने
",A,B,C,D
122,d,https://image.ibb.co/mPtkNH/tscan_A108_15.png,7.1,"Find the odd one out/विषम चुने
",A,B,C,D
123,d,https://image.ibb.co/hQXqpx/tscan_A108_16.png,7.1,"Find the odd one out/विषम चुने
",A,B,C,D
124,d,https://image.ibb.co/fOri9x/tscan_A108_17.png,7.1,"Find the odd one out/विषम चुने
",A,B,C,D
125,d,https://image.ibb.co/dTsZGc/tscan_A108_18.png,7.1,"Find the odd one out/विषम चुने
",A,B,C,D
126,c,https://image.ibb.co/nakX2H/tscan_A108_19.png,7.1,"Find the odd one out/विषम चुने
",A,B,C,D
127,a,https://image.ibb.co/hUOKhH/tscan_A108_20.png,7.1,"Find the odd one out/विषम चुने
",A,B,C,D
128,d,https://image.ibb.co/cgPgwc/tscan_A108_21.png,7.1,"Find the odd one out/विषम चुने
",A,B,C,D
129,b,https://image.ibb.co/d9aApx/tscan_A108_022.png,7.1,"Find the odd one out/विषम चुने
",A,B,C,D
130,b,https://image.ibb.co/hXTVpx/tscan_A108_22.png,7.1,"Find the odd one out/विषम चुने
",A,B,C,D
131,d,https://image.ibb.co/nKp39x/tscan_A108_023.png,7.1,"Find the odd one out/विषम चुने
",A,B,C,D
132,d,https://image.ibb.co/iDfX2H/tscan_A108_23.png,7.1,"Find the odd one out/विषम चुने
",A,B,C,D
133,a,https://image.ibb.co/iED8bc/tscan_A108_24.png,7.1,"Find the odd one out/विषम चुने
",A,B,C,D
134,a,https://image.ibb.co/fuNO9x/tscan_A108_25.png,7.1,"Find the odd one out/विषम चुने
",A,B,C,D
135,b,https://image.ibb.co/bwxqpx/tscan_A108_26.png,7.1,"Find the odd one out/विषम चुने
",A,B,C,D
136,d,https://image.ibb.co/kp7ZGc/tscan_A108_27.png,7.1,"Find the odd one out/विषम चुने
",A,B,C,D
137,c,https://image.ibb.co/eeXehH/tscan_A108_28.png,7.1,"Find the odd one out/विषम चुने
",A,B,C,D
138,a,https://image.ibb.co/bU7ZGc/tscan_A108_29.png,7.1,"Find the odd one out/विषम चुने
",A,B,C,D
139,c,https://image.ibb.co/dn3Vpx/tscan_A108_30.png,7.1,"Find the odd one out/विषम चुने
",A,B,C,D
140,d,https://image.ibb.co/dwcO9x/tscan_A108_31.png,7.1,"Find the odd one out/विषम चुने
",A,B,C,D
141,b,https://image.ibb.co/nLfzhH/tscan_A108_32.png,7.1,"Find the odd one out/विषम चुने
",A,B,C,D
142,c,https://image.ibb.co/fHqbUx/tscan_A108_33.png,7.1,"Find the odd one out/विषम चुने
",A,B,C,D
143,b,https://image.ibb.co/hM3KhH/tscan_A108_34.png,7.1,"Find the odd one out/विषम चुने
",A,B,C,D
144,c,https://image.ibb.co/iOYKhH/tscan_A108_35.png,7.1,"Find the odd one out/विषम चुने
",A,B,C,D
145,b,https://image.ibb.co/nmiwUx/tscan_A108_36.png,7.1,"Find the odd one out/विषम चुने
",A,B,C,D
146,a,https://image.ibb.co/f4hZGc/tscan_A108_37.png,7.1,"Find the odd one out/विषम चुने
",A,B,C,D
147,c,https://image.ibb.co/bMUEGc/tscan_A108_38.png,7.1,"Find the odd one out/विषम चुने
",A,B,C,D
148,a,https://image.ibb.co/iZMTbc/tscan_A108_39.png,7.1,"Find the odd one out/विषम चुने
",A,B,C,D
149,a,https://image.ibb.co/bWpQNH/tscan_A108_40.png,7.1,"Find the odd one out/विषम चुने
",A,B,C,D
150,d,https://image.ibb.co/mCqX2H/tscan_A108_41.png,7.1,"Find the odd one out/विषम चुने
",A,B,C,D
151,b,https://image.ibb.co/fuXehH/tscan_A108_42.png,7.1,"Find the odd one out/विषम चुने
",A,B,C,D
152,a,https://image.ibb.co/j2DkNH/tscan_A108_43.png,7.1,"Find the odd one out/विषम चुने
",A,B,C,D
153,a,https://image.ibb.co/gaQMwc/tscan_A108_44.png,7.1,"Find the odd one out/विषम चुने
",A,B,C,D
154,b,https://image.ibb.co/ciAApx/tscan_A108_45.png,7.1,"Find the odd one out/विषम चुने
",A,B,C,D
155,a,https://image.ibb.co/nHRi9x/tscan_A108_46.png,7.1,"Find the odd one out/विषम चुने
",A,B,C,D
156,a,https://image.ibb.co/kFkbUx/tscan_A108_47.png,7.1,"Find the odd one out/विषम चुने
",A,B,C,D
157,c,https://image.ibb.co/nfT8bc/tscan_A108_48.png,7.1,"Find the odd one out/विषम चुने
",A,B,C,D
158,c,https://image.ibb.co/ia6uGc/tscan_A108_49.png,7.1,"Find the odd one out/विषम चुने
",A,B,C,D
159,c,https://image.ibb.co/hT9EGc/tscan_A108_50.png,7.1,"Find the odd one out/विषम चुने
",A,B,C,D
160,b,https://image.ibb.co/dVjgwc/tscan_A108_51.png,7.1,"Find the odd one out/विषम चुने
",A,B,C,D
161,b,https://image.ibb.co/cM3KhH/tscan_A108_52.png,7.1,"Find the odd one out/विषम चुने
",A,B,C,D
162,c,https://image.ibb.co/bL6uGc/tscan_A109_01.png,7.1,"Find the odd one out/विषम चुने
",A,B,C,D
163,d,https://image.ibb.co/cmQbUx/tscan_A109_02.png,7.1,"Find the odd one out/विषम चुने
",A,B,C,D
164,c,https://image.ibb.co/ivAbUx/tscan_A109_03.png,7.1,"Find the odd one out/विषम चुने
",A,B,C,D
165,b,https://image.ibb.co/kjxO9x/tscan_A109_04.png,7.1,"Find the odd one out/विषम चुने
",A,B,C,D
166,d,https://image.ibb.co/iqqApx/tscan_A109_05.png,7.1,"Find the odd one out/विषम चुने
",A,B,C,D
167,a,https://image.ibb.co/gn939x/tscan_A109_06.png,7.1,"Find the odd one out/विषम चुने
",A,B,C,D
168,b,https://image.ibb.co/jXgGUx/tscan_A109_07.png,7.1,"Find the odd one out/विषम चुने
",A,B,C,D
169,a,https://image.ibb.co/etxC2H/tscan_A109_08.png,7.1,"Find the odd one out/विषम चुने
",A,B,C,D
170,c,https://image.ibb.co/mifX2H/tscan_A109_09.png,7.1,"Find the odd one out/विषम चुने
",A,B,C,D
171,c,https://image.ibb.co/cWAobc/tscan_A109_10.png,7.1,"Find the odd one out/विषम चुने
",A,B,C,D
172,c,https://image.ibb.co/cdvMwc/tscan_A109_11.png,7.1,"Find the odd one out/विषम चुने
",A,B,C,D
173,b,https://image.ibb.co/hv8kNH/tscan_A109_12.png,7.1,"Find the odd one out/विषम चुने
",A,B,C,D
174,d,https://image.ibb.co/iD4gwc/tscan_A109_13.png,7.1,"Find the odd one out/विषम चुने
",A,B,C,D
175,b,https://image.ibb.co/mo9EGc/tscan_A109_14.png,7.1,"Find the odd one out/विषम चुने
",A,B,C,D
176,a,https://image.ibb.co/bRQX2H/tscan_A109_15.png,7.1,"Find the odd one out/विषम चुने
",A,B,C,D
177,b,https://image.ibb.co/miWTbc/tscan_A109_16.png,7.1,"Find the odd one out/विषम चुने
",A,B,C,D
178,c,https://image.ibb.co/eJVbUx/tscan_A109_17.png,7.1,"Find the odd one out/विषम चुने
",A,B,C,D
179,c,https://image.ibb.co/gcCqpx/tscan_A109_18.png,7.1,"Find the odd one out/विषम चुने
",A,B,C,D
180,c,https://image.ibb.co/cHft9x/tscan_A109_19.png,7.1,"Find the odd one out/विषम चुने
",A,B,C,D
181,b,https://image.ibb.co/jsVt9x/tscan_A109_20.png,7.1,"Find the odd one out/विषम चुने
",A,B,C,D
182,c,https://image.ibb.co/nKHJbc/tscan_A109_21.png,7.1,"Find the odd one out/विषम चुने
",A,B,C,D
183,d,https://image.ibb.co/mgJfpx/tscan_A109_23.png,7.1,"Find the odd one out/विषम चुने
",A,B,C,D
184,b,https://image.ibb.co/kUxvNH/tscan_A109_24.png,7.1,"Find the odd one out/विषम चुने
",A,B,C,D
185,c,https://image.ibb.co/mVuLpx/tscan_A109_25.png,7.1,"Find the odd one out/विषम चुने
",A,B,C,D
186,d,https://image.ibb.co/h96Bwc/tscan_A109_26.png,7.1,"Find the odd one out/विषम चुने
",A,B,C,D
187,d,https://image.ibb.co/hnoD9x/tscan_A109_27.png,7.1,"Find the odd one out/विषम चुने
",A,B,C,D
188,d,https://image.ibb.co/gffRUx/tscan_A109_28.png,7.1,"Find the odd one out/विषम चुने
",A,B,C,D
189,b,https://image.ibb.co/cC7jGc/tscan_A109_29.png,7.1,"Find the odd one out/विषम चुने
",A,B,C,D
190,a,https://image.ibb.co/dXMY9x/tscan_A109_30.png,7.1,"Find the odd one out/विषम चुने
",A,B,C,D
191,c,https://image.ibb.co/j5vFNH/tscan_A109_31.png,7.1,"Find the odd one out/विषम चुने
",A,B,C,D
192,c,https://image.ibb.co/jy3D9x/tscan_A109_32.png,7.1,"Find the odd one out/विषम चुने
",A,B,C,D
193,a,https://image.ibb.co/ce1dbc/tscan_A109_33.png,7.1,"Find the odd one out/विषम चुने
",A,B,C,D
194,d,https://image.ibb.co/gR3rwc/tscan_A109_34.png,7.1,"Find the odd one out/विषम चुने
",A,B,C,D
195,d,https://image.ibb.co/eONjGc/tscan_A109_35.png,7.1,"Find the odd one out/विषम चुने
",A,B,C,D
196,a,https://image.ibb.co/dsKmUx/tscan_A109_37.png,7.1,"Find the odd one out/विषम चुने
",A,B,C,D
197,c,https://image.ibb.co/jo1N2H/tscan_A109_38.png,7.1,"Find the odd one out/विषम चुने
",A,B,C,D
198,c,https://image.ibb.co/by7vNH/tscan_A109_39.png,7.1,"Find the odd one out/विषम चुने
",A,B,C,D
199,c,https://image.ibb.co/jMHjGc/tscan_A109_40.png,7.1,"Find the odd one out/विषम चुने
",A,B,C,D
200,d,https://image.ibb.co/meDfpx/tscan_A109_41.png,7.1,"Find the odd one out/विषम चुने
",A,B,C,D
201,b,https://image.ibb.co/cnZWwc/tscan_A109_42.png,7.1,"Find the odd one out/विषम चुने
",A,B,C,D
202,c,https://image.ibb.co/ezWBwc/tscan_A109_43.png,7.1,"Find the odd one out/विषम चुने
",A,B,C,D
203,d,https://image.ibb.co/koH6Ux/tscan_A109_44.png,7.1,"Find the odd one out/विषम चुने
",A,B,C,D
204,c,https://image.ibb.co/fxc6Ux/tscan_A109_45.png,7.1,"Find the odd one out/विषम चुने
",A,B,C,D
205,c,https://image.ibb.co/hwJfpx/tscan_A109_46.png,7.1,"Find the odd one out/विषम चुने
",A,B,C,D
206,d,https://image.ibb.co/iAHUhH/tscan_A109_47.png,7.1,"Find the odd one out/विषम चुने
",A,B,C,D
207,b,https://image.ibb.co/doqFNH/tscan_A109_48.png,7.1,"Find the odd one out/विषम चुने
",A,B,C,D
208,a,https://image.ibb.co/daiD9x/tscan_A110_01.png,7.1,"Find the odd one out/विषम चुने
",A,B,C,D
209,a,https://image.ibb.co/bZmphH/tscan_A110_02.png,7.1,"Find the odd one out/विषम चुने
",A,B,C,D
210,a,https://image.ibb.co/k4ofpx/tscan_A110_03.png,7.1,"Find the odd one out/विषम चुने
",A,B,C,D
211,d,https://image.ibb.co/fwvRUx/tscan_A110_04.png,7.1,"Find the odd one out/विषम चुने
",A,B,C,D
212,a,https://image.ibb.co/i2trwc/tscan_A110_05.png,7.1,"Find the odd one out/विषम चुने
",A,B,C,D
213,c,https://image.ibb.co/mP2UhH/tscan_A110_06.png,7.1,"Find the odd one out/विषम चुने
",A,B,C,D
214,d,https://image.ibb.co/c2c6Ux/tscan_A110_07.png,7.1,"Find the odd one out/विषम चुने
",A,B,C,D
215,c,https://image.ibb.co/mJxjGc/tscan_A110_08.png,7.1,"Find the odd one out/विषम चुने
",A,B,C,D
216,c,https://image.ibb.co/fWVh2H/tscan_A110_09.png,7.1,"Find the odd one out/विषम चुने
",A,B,C,D
217,b,https://image.ibb.co/ed49hH/tscan_A110_10.png,7.1,"Find the odd one out/विषम चुने
",A,B,C,D
218,b,https://image.ibb.co/cUPmUx/tscan_A110_11.png,7.1,"Find the odd one out/विषम चुने
",A,B,C,D
219,b,https://image.ibb.co/bD0RUx/tscan_A110_12.png,7.1,"Find the odd one out/विषम चुने
",A,B,C,D
220,c,https://image.ibb.co/dQx6Ux/tscan_A110_14.png,7.1,"Find the odd one out/विषम चुने
",A,B,C,D
221,d,https://image.ibb.co/nvzybc/tscan_A110_15.png,7.1,"Find the odd one out/विषम चुने
",A,B,C,D
222,b,https://image.ibb.co/ebqt9x/tscan_A110_16.png,7.1,"Find the odd one out/विषम चुने
",A,B,C,D
223,d,https://image.ibb.co/eTJ22H/tscan_A110_17.png,7.1,"Find the odd one out/विषम चुने
",A,B,C,D
224,d,https://image.ibb.co/hZFRUx/tscan_A110_18.png,7.1,"Find the odd one out/विषम चुने
",A,B,C,D
225,a,https://image.ibb.co/e0k4Gc/tscan_A110_19.png,7.1,"Find the odd one out/विषम चुने
",A,B,C,D
226,a,https://image.ibb.co/ggqt9x/tscan_A110_20.png,7.1,"Find the odd one out/विषम चुने
",A,B,C,D
227,b,https://image.ibb.co/jQN6Ux/tscan_A110_21.png,7.1,"Find the odd one out/विषम चुने
",A,B,C,D
228,a,https://image.ibb.co/iQB0px/tscan_A110_22.png,7.1,"Find the odd one out/विषम चुने
",A,B,C,D
229,c,https://image.ibb.co/duAt9x/tscan_A110_23.png,7.1,"Find the odd one out/विषम चुने
",A,B,C,D
230,b,https://image.ibb.co/k726Ux/tscan_A110_24.png,7.1,"Find the odd one out/विषम चुने
",A,B,C,D
231,b,https://image.ibb.co/e5EmUx/tscan_A110_25.png,7.1,"Find the odd one out/विषम चुने
",A,B,C,D
232,b,https://image.ibb.co/gebdbc/tscan_A110_26.png,7.1,"Find the odd one out/विषम चुने
",A,B,C,D
233,c,https://image.ibb.co/ejcUhH/tscan_A110_27.png,7.1,"Find the odd one out/विषम चुने
",A,B,C,D
234,a,https://image.ibb.co/dax6Ux/tscan_A110_28.png,7.1,"Find the odd one out/विषम चुने
",A,B,C,D
235,a,https://image.ibb.co/kW6Y9x/tscan_A110_29.png,7.1,"Find the odd one out/विषम चुने
",A,B,C,D
236,d,https://image.ibb.co/d9u9hH/tscan_A110_30.png,7.1,"Find the odd one out/विषम चुने
",A,B,C,D
237,d,https://image.ibb.co/nv8D9x/tscan_A110_31.png,7.1,"Find the odd one out/विषम चुने
",A,B,C,D
238,c,https://image.ibb.co/bXkRUx/tscan_A110_32.png,7.1,"Find the odd one out/विषम चुने
",A,B,C,D
239,d,https://image.ibb.co/jWvRUx/tscan_A110_33.png,7.1,"Find the odd one out/विषम चुने
",A,B,C,D
240,d,https://image.ibb.co/hDoPGc/tscan_A110_34.png,7.1,"Find the odd one out/विषम चुने
",A,B,C,D
241,c,https://image.ibb.co/hVnvNH/tscan_A110_35.png,7.1,"Find the odd one out/विषम चुने
",A,B,C,D
242,d,https://image.ibb.co/f5UWwc/tscan_A110_36.png,7.1,"Find the odd one out/विषम चुने
",A,B,C,D
243,c,https://image.ibb.co/mrAFNH/tscan_A110_37.png,7.1,"Find the odd one out/विषम चुने
",A,B,C,D
244,c,https://image.ibb.co/kj2UhH/tscan_A110_39.png,7.1,"Find the odd one out/विषम चुने
",A,B,C,D
245,c,https://image.ibb.co/fFqh2H/tscan_A110_40.png,7.1,"Find the odd one out/विषम चुने
",A,B,C,D
246,b,https://image.ibb.co/ktOfpx/tscan_A110_41.png,7.1,"Find the odd one out/विषम चुने
",A,B,C,D
247,a,https://image.ibb.co/fdZmUx/tscan_A110_42.png,7.1,"Find the odd one out/विषम चुने
",A,B,C,D
248,c,https://image.ibb.co/cr7UhH/tscan_A110_43.png,7.1,"Find the odd one out/विषम चुने
",A,B,C,D
249,b,https://image.ibb.co/fRdrwc/tscan_A110_44.png,7.1,"Find the odd one out/विषम चुने
",A,B,C,D
250,c,https://image.ibb.co/m0j9hH/tscan_A110_45.png,7.1,"Find the odd one out/विषम चुने
",A,B,C,D
251,a,https://image.ibb.co/md8rwc/tscan_A110_46.png,7.1,"Find the odd one out/विषम चुने
",A,B,C,D
252,c,https://image.ibb.co/iftPGc/tscan_A110_47.png,7.1,"Find the odd one out/विषम चुने
",A,B,C,D
253,d,https://image.ibb.co/dfpEGc/tscan_A110_48.png,7.1,"Find the odd one out/विषम चुने
",A,B,C,D
254,a,https://image.ibb.co/mJLMwc/tscan_A110_49.png,7.1,"Find the odd one out/विषम चुने
",A,B,C,D
255,a,https://image.ibb.co/esaobc/tscan_A110_50.png,7.1,"Find the odd one out/विषम चुने
",A,B,C,D
256,d,https://image.ibb.co/jRg5NH/tscan_A111_01.png,7.1,"Find the odd one out/विषम चुने
",A,B,C,D
257,b,https://image.ibb.co/dG5Apx/tscan_A111_02.png,7.1,"Find the odd one out/विषम चुने
",A,B,C,D
258,a,https://image.ibb.co/i2M5NH/tscan_A111_03.png,7.1,"Find the odd one out/विषम चुने
",A,B,C,D
259,a,https://image.ibb.co/jqG5NH/tscan_A111_04.png,7.1,"Find the odd one out/विषम चुने
",A,B,C,D
260,c,https://image.ibb.co/cuNO9x/tscan_A111_05.png,7.1,"Find the odd one out/विषम चुने
",A,B,C,D
261,b,https://image.ibb.co/c3sehH/tscan_A111_06.png,7.1,"Find the odd one out/विषम चुने
",A,B,C,D
262,c,https://image.ibb.co/f9p39x/tscan_A111_07.png,7.1,"Find the odd one out/विषम चुने
",A,B,C,D
263,b,https://image.ibb.co/hMX1wc/tscan_A111_08.png,7.1,"Find the odd one out/विषम चुने
",A,B,C,D
264,d,https://image.ibb.co/hO5bUx/tscan_A111_09.png,7.1,"Find the odd one out/विषम चुने
",A,B,C,D
265,c,https://image.ibb.co/jhnqpx/tscan_A111_10.png,7.1,"Find the odd one out/विषम चुने
",A,B,C,D
266,b,https://image.ibb.co/epQApx/tscan_A111_11.png,7.1,"Find the odd one out/विषम चुने
",A,B,C,D
267,b,https://image.ibb.co/cY2qpx/tscan_A111_13.png,7.1,"Find the odd one out/विषम चुने
",A,B,C,D
268,d,https://image.ibb.co/mKGuGc/tscan_A111_14.png,7.1,"Find the odd one out/विषम चुने
",A,B,C,D
269,d,https://image.ibb.co/izQApx/tscan_A111_15.png,7.1,"Find the odd one out/विषम चुने
",A,B,C,D
270,d,https://image.ibb.co/h6Bi9x/tscan_A111_16.png,7.1,"Find the odd one out/विषम चुने
",A,B,C,D
271,d,https://image.ibb.co/gxVMwc/tscan_A111_17.png,7.1,"Find the odd one out/विषम चुने
",A,B,C,D
272,b,https://image.ibb.co/jBBi9x/tscan_A111_18.png,7.1,"Find the odd one out/विषम चुने
",A,B,C,D
273,b,https://image.ibb.co/fTB5NH/tscan_A111_19.png,7.1,"Find the odd one out/विषम चुने
",A,B,C,D
274,b,https://image.ibb.co/mPugwc/tscan_A111_20.png,7.1,"Find the odd one out/विषम चुने
",A,B,C,D
275,b,https://image.ibb.co/mXSZGc/tscan_A111_21.png,7.1,"Find the odd one out/विषम चुने
",A,B,C,D
276,b,https://image.ibb.co/iT3kNH/tscan_A111_22.png,7.1,"Find the odd one out/विषम चुने
",A,B,C,D
277,(d),https://image.ibb.co/b23Vpx/tscan_A111_23.png,7.1,"Find the odd one out/विषम चुने
",A,B,C,D
278,(d),https://image.ibb.co/dx2ehH/tscan_A111_24.png,7.1,"Find the odd one out/विषम चुने
",A,B,C,D
279,(c),https://image.ibb.co/kgabUx/tscan_A111_25.png,7.1,"Find the odd one out/विषम चुने
",A,B,C,D
280,(d),https://image.ibb.co/bLoKhH/tscan_A111_27.png,7.1,"Find the odd one out/विषम चुने
",A,B,C,D
281,(b),https://image.ibb.co/eALobc/tscan_A111_28.png,7.1,"Find the odd one out/विषम चुने
",A,B,C,D
282,(c),https://image.ibb.co/m8m5NH/tscan_A111_29.png,7.1,"Find the odd one out/विषम चुने
",A,B,C,D
283,(c),https://image.ibb.co/gdNC2H/tscan_A111_30.png,7.1,"Find the odd one out/विषम चुने
",A,B,C,D
284,(c),https://image.ibb.co/eEGuGc/tscan_A111_31.png,7.1,"Find the odd one out/विषम चुने
",A,B,C,D
285,(d),https://image.ibb.co/c4sqpx/tscan_A111_32.png,7.1,"Find the odd one out/विषम चुने
",A,B,C,D
286,(d),https://image.ibb.co/e0NZGc/tscan_A111_33.png,7.1,"Find the odd one out/विषम चुने
",A,B,C,D
287,(b),https://image.ibb.co/haT8bc/tscan_A111_34.png,7.1,"Find the odd one out/विषम चुने
",A,B,C,D
288,(d),https://image.ibb.co/jqjgwc/tscan_A111_35.png,7.1,"Find the odd one out/विषम चुने
",A,B,C,D
289,(b),https://image.ibb.co/nBCehH/tscan_A111_36.png,7.1,"Find the odd one out/विषम चुने
",A,B,C,D
290,(a),https://image.ibb.co/hT1uGc/tscan_A111_37.png,7.1,"Find the odd one out/विषम चुने
",A,B,C,D
291,(a),https://image.ibb.co/koSqpx/tscan_A111_38.png,7.1,"Find the odd one out/विषम चुने
",A,B,C,D
292,(b),https://image.ibb.co/ev38bc/tscan_A111_39.png,7.1,"Find the odd one out/विषम चुने
",A,B,C,D
293,(b),https://image.ibb.co/gFU39x/tscan_A111_40.png,7.1,"Find the odd one out/विषम चुने
",A,B,C,D
294,(c),https://image.ibb.co/hfFApx/tscan_A112_01.png,7.1,"Find the odd one out/विषम चुने
",A,B,C,D
295,(d),https://image.ibb.co/b0yVpx/tscan_A112_02.png,7.1,"Find the odd one out/विषम चुने
",A,B,C,D
296,(c),https://image.ibb.co/dDTkNH/tscan_A112_03.png,7.1,"Find the odd one out/विषम चुने
",A,B,C,D
297,(d),https://image.ibb.co/n7dVpx/tscan_A112_04.png,7.1,"Find the odd one out/विषम चुने
",A,B,C,D
298,(b),https://image.ibb.co/bBYwUx/tscan_A112_05.png,7.1,"Find the odd one out/विषम चुने
",A,B,C,D
299,(c),https://image.ibb.co/hktwUx/tscan_A112_06.png,7.1,"Find the odd one out/विषम चुने
",A,B,C,D
300,(d),https://image.ibb.co/gNVMwc/tscan_A112_07.png,7.1,"Find the odd one out/विषम चुने
",A,B,C,D
301,(b),https://image.ibb.co/mQ38bc/tscan_A112_08.png,7.1,"Find the odd one out/विषम चुने
",A,B,C,D
302,(d),https://image.ibb.co/eisehH/tscan_A112_09.png,7.1,"Find the odd one out/विषम चुने
",A,B,C,D
303,(c),https://image.ibb.co/j8hO9x/tscan_A112_10.png,7.1,"Find the odd one out/विषम चुने
",A,B,C,D
304,(b),https://image.ibb.co/mLe39x/tscan_A112_11.png,7.1,"Find the odd one out/विषम चुने
",A,B,C,D
305,(c),https://image.ibb.co/jQguGc/tscan_A112_12.png,7.1,"Find the odd one out/विषम चुने
",A,B,C,D
306,(d),https://image.ibb.co/d7N1wc/tscan_A112_13.png,7.1,"Find the odd one out/विषम चुने
",A,B,C,D
307,(d),https://image.ibb.co/jfwi9x/tscan_A112_14.png,7.1,"Find the odd one out/विषम चुने
",A,B,C,D
308,(d),https://image.ibb.co/ndAApx/tscan_A112_15.png,7.1,"Find the odd one out/विषम चुने
",A,B,C,D
309,(c),https://image.ibb.co/dZb5NH/tscan_A112_16.png,7.1,"Find the odd one out/विषम चुने
",A,B,C,D
310,(d ),https://image.ibb.co/cvvobc/tscan_A112_17.png,7.1,"Find the odd one out/विषम चुने
",A,B,C,D
311,(d),https://image.ibb.co/kQxehH/tscan_A112_18.png,7.1,"Find the odd one out/विषम चुने
",A,B,C,D
312,(a),https://image.ibb.co/hhx1wc/tscan_A112_19.png,7.1,"Find the odd one out/विषम चुने
",A,B,C,D
313,(a),https://image.ibb.co/b3DwUx/tscan_A112_20.png,7.1,"Find the odd one out/विषम चुने
",A,B,C,D
314,(a),https://image.ibb.co/jeE39x/tscan_A112_21.png,7.1,"Find the odd one out/विषम चुने
",A,B,C,D
315,(a),https://image.ibb.co/bLBTbc/tscan_A112_22.png,7.1,"Find the odd one out/विषम चुने
",A,B,C,D
316,(a),https://image.ibb.co/iY4gwc/tscan_A112_24.png,7.1,"Find the odd one out/विषम चुने
",A,B,C,D
317,(d),https://image.ibb.co/dHTVpx/tscan_A112_25.png,7.1,"Find the odd one out/विषम चुने
",A,B,C,D
318,(a),https://image.ibb.co/hesqpx/tscan_A112_26.png,7.1,"Find the odd one out/विषम चुने
",A,B,C,D
319,(b),https://image.ibb.co/kXywUx/tscan_A112_27.png,7.1,"Find the odd one out/विषम चुने
",A,B,C,D
320,(c),https://image.ibb.co/fJvMwc/tscan_A112_28.png,7.1,"Find the odd one out/विषम चुने
",A,B,C,D
321,(d),https://image.ibb.co/k4BGUx/tscan_A112_29.png,7.1,"Find the odd one out/विषम चुने
",A,B,C,D
322,(b),https://image.ibb.co/dcRi9x/tscan_A112_30.png,7.1,"Find the odd one out/विषम चुने
",A,B,C,D
323,(b),https://image.ibb.co/kVQMwc/tscan_A112_31.png,7.1,"Find the odd one out/विषम चुने
",A,B,C,D
324,(d),https://image.ibb.co/hgLRUx/tscan_A112_32.png,7.1,"Find the odd one out/विषम चुने
",A,B,C,D
325,(a),https://image.ibb.co/feRdbc/tscan_A112_33.png,7.1,"Find the odd one out/विषम चुने
",A,B,C,D
326,(d),https://image.ibb.co/nPw0px/tscan_A112_34.png,7.1,"Find the odd one out/विषम चुने
",A,B,C,D
327,(a),https://image.ibb.co/b6Trwc/tscan_A112_35.png,7.1,"Find the odd one out/विषम चुने
",A,B,C,D
328,(b),https://image.ibb.co/h2F4Gc/tscan_A112_36.png,7.1,"Find the odd one out/विषम चुने
",A,B,C,D
329,(c),https://image.ibb.co/eiBdbc/tscan_A112_37.png,7.1,"Find the odd one out/विषम चुने
",A,B,C,D
330,(c),https://image.ibb.co/cgGphH/tscan_A112_38.png,7.1,"Find the odd one out/विषम चुने
",A,B,C,D
331,(d),https://image.ibb.co/j9Zybc/tscan_A112_39.png,7.1,"Find the odd one out/विषम चुने
",A,B,C,D
332,(d),https://image.ibb.co/eH8fpx/tscan_A112_40.png,7.1,"Find the odd one out/विषम चुने
",A,B,C,D
333,(d),https://image.ibb.co/hsDD9x/tscan_A112_41.png,7.1,"Find the odd one out/विषम चुने
",A,B,C,D
334,(b),https://image.ibb.co/jCtrwc/tscan_A112_42.png,7.1,"Find the odd one out/विषम चुने
",A,B,C,D
335,(c),https://image.ibb.co/mWXUhH/tscan_A112_43.png,7.1,"Find the odd one out/विषम चुने
",A,B,C,D
336,(a),https://image.ibb.co/d4u9hH/tscan_A112_44.png,7.1,"Find the odd one out/विषम चुने
",A,B,C,D
337,(d),https://image.ibb.co/mZw0px/tscan_A112_45.png,7.1,"Find the odd one out/विषम चुने
",A,B,C,D
338,(d),https://image.ibb.co/hgVh2H/tscan_A112_46.png,7.1,"Find the odd one out/विषम चुने
",A,B,C,D
339,(c),https://image.ibb.co/cxmN2H/tscan_A112_47.png,7.1,"Find the odd one out/विषम चुने
",A,B,C,D
340,(c),https://image.ibb.co/juDfpx/tscan_A112_49.png,7.1,"Find the odd one out/विषम चुने
",A,B,C,D
341,(d),https://image.ibb.co/eQvFNH/tscan_A112_50.png,7.1,"Find the odd one out/विषम चुने
",A,B,C,D
342,(b),https://image.ibb.co/bTDPGc/tscan_A112_51.png,7.1,"Find the odd one out/विषम चुने
",A,B,C,D
343,(a),https://image.ibb.co/iorBwc/tscan_A112_52.png,7.1,"Find the odd one out/विषम चुने
",A,B,C,D
344,(c),https://image.ibb.co/mXT22H/tscan_A112_53.png,7.1,"Find the odd one out/विषम चुने
",A,B,C,D
345,(d),https://image.ibb.co/ce6Bwc/tscan_A112_54.png,7.1,"Find the odd one out/विषम चुने
",A,B,C,D
346,(a),https://image.ibb.co/buah2H/tscan_A112_55.png,7.1,"Find the odd one out/विषम चुने
",A,B,C,D
347,(d),https://image.ibb.co/bv7Jbc/tscan_A112_56.png,7.1,"Find the odd one out/विषम चुने
",A,B,C,D
348,(a),https://image.ibb.co/jk2jGc/tscan_A112_58.png,7.1,"Find the odd one out/विषम चुने
",A,B,C,D
349,(a),https://image.ibb.co/fv5RUx/tscan_A112_59.png,7.1,"Find the odd one out/विषम चुने
",A,B,C,D
350,(c),https://image.ibb.co/hcwY9x/tscan_A112_60.png,7.1,"Find the odd one out/विषम चुने
",A,B,C,D
351,(d),https://image.ibb.co/mcvh2H/tscan_A112_61.png,7.1,"Find the odd one out/विषम चुने
",A,B,C,D
352,(b),https://image.ibb.co/fWfh2H/tscan_A112_62.png,7.1,"Find the odd one out/विषम चुने
",A,B,C,D
353,(b),https://image.ibb.co/g2Jrwc/tscan_A113_01.png,7.1,"Find the odd one out/विषम चुने
",A,B,C,D
354,(b),https://image.ibb.co/j8FFNH/tscan_A113_02.png,7.1,"Find the odd one out/विषम चुने
",A,B,C,D
355,(c),https://image.ibb.co/mTvt9x/tscan_A113_03.png,7.1,"Find the odd one out/विषम चुने
",A,B,C,D
356,(c),https://image.ibb.co/m5XJbc/tscan_A113_04.png,7.1,"Find the odd one out/विषम चुने
",A,B,C,D
357,(b),https://image.ibb.co/bTbN2H/tscan_A113_05.png,7.1,"Find the odd one out/विषम चुने
",A,B,C,D
358,(a),https://image.ibb.co/g69Lpx/tscan_A113_06.png,7.1,"Find the odd one out/विषम चुने
",A,B,C,D
359,(c),https://image.ibb.co/debdbc/tscan_A113_07.png,7.1,"Find the odd one out/विषम चुने
",A,B,C,D
360,(d),https://image.ibb.co/n52jGc/tscan_A113_08.png,7.1,"Find the odd one out/विषम चुने
",A,B,C,D
361,(b),https://image.ibb.co/bAwBwc/tscan_A113_09.png,7.1,"Find the odd one out/विषम चुने
",A,B,C,D
362,(c),https://image.ibb.co/b4mphH/tscan_A113_10.png,7.1,"Find the odd one out/विषम चुने
",A,B,C,D
363,(a),https://image.ibb.co/hsXjGc/tscan_A113_11.png,7.1,"Find the odd one out/विषम चुने
",A,B,C,D
364,(b),https://image.ibb.co/dfHUhH/tscan_A113_12.png,7.1,"Find the odd one out/विषम चुने
",A,B,C,D
366,(a),https://image.ibb.co/krXUhH/tscan_A113_14.png,7.1,"Find the odd one out/विषम चुने
",A,B,C,D
367,(a),https://image.ibb.co/j1gY9x/tscan_A113_15.png,7.1,"Find the odd one out/विषम चुने
",A,B,C,D
368,(b),https://image.ibb.co/mxCJbc/tscan_A113_16.png,7.1,"Find the odd one out/विषम चुने
",A,B,C,D
369,(b),https://image.ibb.co/cjyrwc/tscan_A113_17.png,7.1,"Find the odd one out/विषम चुने
",A,B,C,D
370,(c),https://image.ibb.co/eBLRUx/tscan_A113_18.png,7.1,"Find the odd one out/विषम चुने
",A,B,C,D
371,(d),https://image.ibb.co/cKmphH/tscan_A113_19.png,7.1,"Find the odd one out/विषम चुने
",A,B,C,D
372,(b),https://image.ibb.co/echjGc/tscan_A113_20.png,7.1,"Find the odd one out/विषम चुने
",A,B,C,D
373,(c),https://image.ibb.co/fYCUhH/tscan_A113_21.png,7.1,"Find the odd one out/विषम चुने
",A,B,C,D
374,(d),https://image.ibb.co/cqDrwc/tscan_A113_22.png,7.1,"Find the odd one out/विषम चुने
",A,B,C,D
375,(b),https://image.ibb.co/foSJbc/tscan_A113_23.png,7.1,"Find the odd one out/विषम चुने
",A,B,C,D
376,(d),https://image.ibb.co/g6OD9x/tscan_A113_24.png,7.1,"Find the odd one out/विषम चुने
",A,B,C,D
378,(d),https://image.ibb.co/mtQRUx/tscan_A113_28.png,7.1,"Find the odd one out/विषम चुने
",A,B,C,D
379,(c),https://image.ibb.co/gwfh2H/tscan_A113_27.png,7.1,"Find the odd one out/विषम चुने
",A,B,C,D
380,(c),https://image.ibb.co/geSUhH/tscan_A113_29.png,7.1,"Find the odd one out/विषम चुने
",A,B,C,D
381,(c),https://image.ibb.co/cT60px/tscan_A113_30.png,7.1,"Find the odd one out/विषम चुने
",A,B,C,D
382,(b),https://image.ibb.co/nO0RUx/tscan_A113_31.png,7.1,"Find the odd one out/विषम चुने
",A,B,C,D
383,(b),https://image.ibb.co/mN322H/tscan_A113_32.png,7.1,"Find the odd one out/विषम चुने
",A,B,C,D
384,(c),https://image.ibb.co/cbP9hH/tscan_A113_33.png,7.1,"Find the odd one out/विषम चुने
",A,B,C,D
385,(a),https://image.ibb.co/i4kt9x/tscan_A113_34.png,7.1,"Find the odd one out/विषम चुने
",A,B,C,D
386,(d),https://image.ibb.co/e5Pybc/tscan_A113_35.png,7.1,"Find the odd one out/विषम चुने
",A,B,C,D
387,(d),https://image.ibb.co/hTLt9x/tscan_A113_36.png,7.1,"Find the odd one out/विषम चुने
",A,B,C,D
388,(a),https://image.ibb.co/fYNjGc/tscan_A113_37.png,7.1,"Find the odd one out/विषम चुने
",A,B,C,D
389,(b),https://image.ibb.co/mqUWwc/tscan_A113_38.png,7.1,"Find the odd one out/विषम चुने
",A,B,C,D
390,(b),https://image.ibb.co/cVUWwc/tscan_A113_39.png,7.1,"Find the odd one out/विषम चुने
",A,B,C,D
391,(a),https://image.ibb.co/cOYrwc/tscan_A113_40.png,7.1,"Find the odd one out/विषम चुने
",A,B,C,D
392,(b),https://image.ibb.co/gWK39x/tscan_A113_41.png,7.1,"Find the odd one out/विषम चुने
",A,B,C,D
393,(a),https://image.ibb.co/eDC1wc/tscan_A113_42.png,7.1,"Find the odd one out/विषम चुने
",A,B,C,D
394,(c),https://image.ibb.co/b6h1wc/tscana114_01.png,7.1,"Find the odd one out/विषम चुने
",A,B,C,D
395,(a),https://image.ibb.co/iEwTbc/tscana114_02.png,7.1,"Find the odd one out/विषम चुने
",A,B,C,D
396,(b),https://image.ibb.co/i8XO9x/tscana114_03.png,7.1,"Find the odd one out/विषम चुने
",A,B,C,D
397,(d),https://image.ibb.co/mm1Tbc/tscana114_04.png,7.1,"Find the odd one out/विषम चुने
",A,B,C,D
398,(c),https://image.ibb.co/fqEEGc/tscana114_05.png,7.1,"Find the odd one out/विषम चुने
",A,B,C,D
399,(d),https://image.ibb.co/mMkobc/tscana114_06.png,7.1,"Find the odd one out/विषम चुने
",A,B,C,D
400,(b),https://image.ibb.co/h9CC2H/tscana114_07.png,7.1,"Find the odd one out/विषम चुने
",A,B,C,D
401,(d),https://image.ibb.co/fEKgwc/tscana114_08.png,7.1,"Find the odd one out/विषम चुने
",A,B,C,D
402,(a),https://image.ibb.co/b0SC2H/tscana114_09.png,7.1,"Find the odd one out/विषम चुने
",A,B,C,D
403,(c),https://image.ibb.co/niC1wc/tscana114_10.png,7.1,"Find the odd one out/विषम चुने
",A,B,C,D
404,(d),https://image.ibb.co/gEVobc/tscana114_11.png,7.1,"Find the odd one out/विषम चुने
",A,B,C,D
405,(c),https://image.ibb.co/hyUgwc/tscana114_12.png,7.1,"Find the odd one out/विषम चुने
",A,B,C,D
406,(a),https://image.ibb.co/hjp39x/tscana114_13.png,7.1,"Find the odd one out/विषम चुने
",A,B,C,D
407,(d),https://image.ibb.co/iKZQNH/tscana114_14.png,7.1,"Find the odd one out/विषम चुने
",A,B,C,D
408,(d),https://image.ibb.co/hokApx/tscana114_15.png,7.1,"Find the odd one out/विषम चुने
",A,B,C,D
409,(d),https://image.ibb.co/jOri9x/tscana114_16.png,7.1,"Find the odd one out/विषम चुने
",A,B,C,D
410,(a),https://image.ibb.co/nM5Apx/tscana114_17.png,7.1,"Find the odd one out/विषम चुने
",A,B,C,D
411,(c),https://image.ibb.co/haPQNH/tscana114_18.png,7.1,"Find the odd one out/विषम चुने
",A,B,C,D
412,(d),https://image.ibb.co/g5Ks2H/tscana114_19.png,7.1,"Find the odd one out/विषम चुने
",A,B,C,D
413,(d),https://image.ibb.co/iAKs2H/tscana114_20.png,7.1,"Find the odd one out/विषम चुने
",A,B,C,D
414,(a),https://image.ibb.co/nAH1wc/tscana114_21.png,7.1,"Find the odd one out/विषम चुने
",A,B,C,D
415,(a),https://image.ibb.co/dqAX2H/tscana114_22.png,7.1,"Find the odd one out/विषम चुने
",A,B,C,D
416,(c),https://image.ibb.co/fk9gwc/tscana114_23.png,7.1,"Find the odd one out/विषम चुने
",A,B,C,D
417,(a),https://image.ibb.co/hUVobc/tscana114_24.png,7.1,"Find the odd one out/विषम चुने
",A,B,C,D
418,(b),https://image.ibb.co/fxi8bc/tscana114_25.png,7.1,"Find the odd one out/विषम चुने
",A,B,C,D
419,(a),https://image.ibb.co/nANehH/tscana114_26.png,7.1,"Find the odd one out/विषम चुने
",A,B,C,D
420,(b),https://image.ibb.co/b8dkNH/tscana114_27.png,7.1,"Find the odd one out/विषम चुने
",A,B,C,D
421,(c),https://image.ibb.co/n4GuGc/tscana114_28.png,7.1,"Find the odd one out/विषम चुने
",A,B,C,D
422,(c),https://image.ibb.co/fR71wc/tscana114_29.png,7.1,"Find the odd one out/विषम चुने
",A,B,C,D
423,(b),https://image.ibb.co/cFkX2H/tscana114_30.png,7.1,"Find the odd one out/विषम चुने
",A,B,C,D
424,(a),https://image.ibb.co/b0zQNH/tscana114_31.png,7.1,"Find the odd one out/विषम चुने
",A,B,C,D
425,(c),https://image.ibb.co/b8Ugwc/tscana114_32.png,7.1,"Find the odd one out/विषम चुने
",A,B,C,D
426,(a),https://image.ibb.co/erHC2H/tscana114_33.png,7.1,"Find the odd one out/विषम चुने
",A,B,C,D
428,(b),https://image.ibb.co/ejLX2H/tscana114_34.png,7.1,"Find the odd one out/विषम चुने
",A,B,C,D
429,(c),https://image.ibb.co/m5wi9x/tscana114_35.png,7.1,"Find the odd one out/विषम चुने
",A,B,C,D
430,(d),https://image.ibb.co/cq9gwc/tscana114_36.png,7.1,"Find the odd one out/विषम चुने
",A,B,C,D
431,(d),https://image.ibb.co/eHWGUx/tscana114_37.png,7.1,"Find the odd one out/विषम चुने
",A,B,C,D
432,(d),https://image.ibb.co/dSSehH/tscana114_38.png,7.1,"Find the odd one out/विषम चुने
",A,B,C,D
433,(c),https://image.ibb.co/mspgwc/tscana114_39.png,7.1,"Find the odd one out/विषम चुने
",A,B,C,D
434,(d),https://image.ibb.co/g8sehH/tscana114_40.png,7.1,"Find the odd one out/विषम चुने
",A,B,C,D
435,(a),https://image.ibb.co/iyHehH/tscana114_41.png,7.1,"Find the odd one out/विषम चुने
",A,B,C,D
436,(b),https://image.ibb.co/b39EGc/tscana114_42.png,7.1,"Find the odd one out/विषम चुने
",A,B,C,D
437,(b),https://image.ibb.co/eXFX2H/tscan_A115_01.png,7.1,"Find the odd one out/विषम चुने
",A,B,C,D
438,(a),https://image.ibb.co/e3wGUx/tscan_A115_02.png,7.1,"Find the odd one out/विषम चुने
",A,B,C,D
439,(b),https://image.ibb.co/hYps2H/tscan_A115_03.png,7.1,"Find the odd one out/विषम चुने
",A,B,C,D
440,(a),https://image.ibb.co/h3owUx/tscan_A115_04.png,7.1,"Find the odd one out/विषम चुने
",A,B,C,D
441,(d),https://image.ibb.co/gYhO9x/tscan_A115_05.png,7.1,"Find the odd one out/विषम चुने
",A,B,C,D
442,(d),https://image.ibb.co/eb0X2H/tscan_A115_06.png,7.1,"Find the odd one out/विषम चुने
",A,B,C,D
443,(a),https://image.ibb.co/dqU39x/tscan_A115_07.png,7.1,"Find the odd one out/विषम चुने
",A,B,C,D
444,(d),https://image.ibb.co/hENO9x/tscan_A115_09.png,7.1,"Find the odd one out/विषम चुने
",A,B,C,D
445,(b),https://image.ibb.co/cbQbUx/tscan_A115_10.png,7.1,"Find the odd one out/विषम चुने
",A,B,C,D
446,(a),https://image.ibb.co/i3z39x/tscan_A115_11.png,7.1,"Find the odd one out/विषम चुने
",A,B,C,D
447,(d),https://image.ibb.co/g0JwUx/tscan_A115_12.png,7.1,"Find the odd one out/विषम चुने
",A,B,C,D
448,(d),https://image.ibb.co/ixtKhH/tscan_A115_13.png,7.1,"Find the odd one out/विषम चुने
",A,B,C,D
449,(b),https://image.ibb.co/fGcO9x/tscan_A115_14.png,7.1,"Find the odd one out/विषम चुने
",A,B,C,D
451,(b),https://image.ibb.co/cBCZGc/tscan_A115_16.png,7.1,"Find the odd one out/विषम चुने
",A,B,C,D
452,(d),https://image.ibb.co/nzAMwc/tscan_A115_17.png,7.1,"Find the odd one out/विषम चुने
",A,B,C,D
453,(d),https://image.ibb.co/miYKhH/tscan_A115_18.png,7.1,"Find the odd one out/विषम चुने
",A,B,C,D
454,(d),https://image.ibb.co/g7KEGc/tscan_A115_19.png,7.1,"Find the odd one out/विषम चुने
",A,B,C,D
455,(d),https://image.ibb.co/iBYS2H/tscan_A115_20.png,7.1,"Find the odd one out/विषम चुने
",A,B,C,D
456,(d),https://image.ibb.co/fUWi9x/tscan_A115_21.png,7.1,"Find the odd one out/विषम चुने
",A,B,C,D
457,(b),https://image.ibb.co/kOV72H/tscan_A115_22.png,7.1,"Find the odd one out/विषम चुने
",A,B,C,D
